{
  "timestamp": "2025-09-18T06:08:58.662449Z",
  "n_train": 520952,
  "n_test": 130239,
  "roc_auc": 0.9815936482003975,
  "pr_auc": 0.9712503994470281,
  "threshold_default": 0.5,
  "confusion_default": {
    "tn": 82743,
    "fp": 2878,
    "fn": 5860,
    "tp": 38758,
    "tpr": 0.8686628714868438,
    "fpr": 0.033613249086088696
  },
  "tpr_at_fpr_0.1%": {
    "tpr": 0.5901429916177328,
    "threshold": 0.987349726266861
  },
  "label_mapping": {
    "benign": 0,
    "others": 1
  }
}